[
  { "zoneId": "Africa/Abidjan", "name": "Abidjan", "country": "Ivory Coast" },
  { "zoneId": "Africa/Accra", "name": "Accra", "country": "Ghana" },
  { "zoneId": "Africa/Addis_Ababa", "name": "Addis Ababa", "country": "Ethiopia" },
  { "zoneId": "Africa/Algiers", "name": "Algiers", "country": "Algeria" },
  { "zoneId": "Africa/Asmara", "name": "Asmara", "country": "Eritrea" },
  { "zoneId": "Africa/Bamako", "name": "Bamako", "country": "Mali" },
  { "zoneId": "Africa/Bangui", "name": "Bangui", "country": "Central African Republic" },
  { "zoneId": "Africa/Banjul", "name": "Banjul", "country": "Gambia" },
  { "zoneId": "Africa/Bissau", "name": "Bissau", "country": "Guinea-Bissau" },
  { "zoneId": "Africa/Blantyre", "name": "Blantyre", "country": "Malawi" },
  { "zoneId": "Africa/Brazzaville", "name": "Brazzaville", "country": "Republic of the Congo" },
  { "zoneId": "Africa/Bujumbura", "name": "Bujumbura", "country": "Burundi" },
  { "zoneId": "Africa/Cairo", "name": "Cairo", "country": "Egypt" },
  { "zoneId": "Africa/Casablanca", "name": "Casablanca", "country": "Morocco" },
  { "zoneId": "Africa/Ceuta", "name": "Ceuta", "country": "Spain" },
  { "zoneId": "Africa/Conakry", "name": "Conakry", "country": "Guinea" },
  { "zoneId": "Africa/Dakar", "name": "Dakar", "country": "Senegal" },
  { "zoneId": "Africa/Dar_es_Salaam", "name": "Dar es Salaam", "country": "Tanzania" },
  { "zoneId": "Africa/Djibouti", "name": "Djibouti", "country": "Djibouti" },
  { "zoneId": "Africa/Douala", "name": "Douala", "country": "Cameroon" },
  { "zoneId": "Africa/El_Aaiun", "name": "El Aaiun", "country": "Western Sahara" },
  { "zoneId": "Africa/Freetown", "name": "Freetown", "country": "Sierra Leone" },
  { "zoneId": "Africa/Gaborone", "name": "Gaborone", "country": "Botswana" },
  { "zoneId": "Africa/Harare", "name": "Harare", "country": "Zimbabwe" },
  { "zoneId": "Africa/Johannesburg", "name": "Johannesburg", "country": "South Africa" },
  { "zoneId": "Africa/Juba", "name": "Juba", "country": "South Sudan" },
  { "zoneId": "Africa/Kampala", "name": "Kampala", "country": "Uganda" },
  { "zoneId": "Africa/Khartoum", "name": "Khartoum", "country": "Sudan" },
  { "zoneId": "Africa/Kigali", "name": "Kigali", "country": "Rwanda" },
  { "zoneId": "Africa/Kinshasa", "name": "Kinshasa", "country": "Democratic Republic of the Congo" },
  { "zoneId": "Africa/Lagos", "name": "Lagos", "country": "Nigeria" },
  { "zoneId": "Africa/Libreville", "name": "Libreville", "country": "Gabon" },
  { "zoneId": "Africa/Lome", "name": "Lome", "country": "Togo" },
  { "zoneId": "Africa/Luanda", "name": "Luanda", "country": "Angola" },
  { "zoneId": "Africa/Lubumbashi", "name": "Lubumbashi", "country": "Democratic Republic of the Congo" },
  { "zoneId": "Africa/Lusaka", "name": "Lusaka", "country": "Zambia" },
  { "zoneId": "Africa/Malabo", "name": "Malabo", "country": "Equatorial Guinea" },
  { "zoneId": "Africa/Maputo", "name": "Maputo", "country": "Mozambique" },
  { "zoneId": "Africa/Maseru", "name": "Maseru", "country": "Lesotho" },
  { "zoneId": "Africa/Mbabane", "name": "Mbabane", "country": "Eswatini" },
  { "zoneId": "Africa/Mogadishu", "name": "Mogadishu", "country": "Somalia" },
  { "zoneId": "Africa/Monrovia", "name": "Monrovia", "country": "Liberia" },
  { "zoneId": "Africa/Nairobi", "name": "Nairobi", "country": "Kenya" },
  { "zoneId": "Africa/Ndjamena", "name": "Ndjamena", "country": "Chad" },
  { "zoneId": "Africa/Niamey", "name": "Niamey", "country": "Niger" },
  { "zoneId": "Africa/Nouakchott", "name": "Nouakchott", "country": "Mauritania" },
  { "zoneId": "Africa/Ouagadougou", "name": "Ouagadougou", "country": "Burkina Faso" },
  { "zoneId": "Africa/Porto-Novo", "name": "Porto-Novo", "country": "Benin" },
  { "zoneId": "Africa/Sao_Tome", "name": "Sao Tome", "country": "Sao Tome and Principe" },
  { "zoneId": "Africa/Tripoli", "name": "Tripoli", "country": "Libya" },
  { "zoneId": "Africa/Tunis", "name": "Tunis", "country": "Tunisia" },
  { "zoneId": "Africa/Windhoek", "name": "Windhoek", "country": "Namibia" },
  { "zoneId": "America/Adak", "name": "Adak", "country": "United States" },
  { "zoneId": "America/Anchorage", "name": "Anchorage", "country": "United States" },
  { "zoneId": "America/Anguilla", "name": "Anguilla", "country": "Anguilla" },
  { "zoneId": "America/Antigua", "name": "Antigua", "country": "Antigua and Barbuda" },
  { "zoneId": "America/Araguaina", "name": "Araguaina", "country": "Brazil" },
  { "zoneId": "America/Argentina/Buenos_Aires", "name": "Buenos Aires", "country": "Argentina" },
  { "zoneId": "America/Argentina/Cordoba", "name": "Cordoba", "country": "Argentina" },
  { "zoneId": "America/Argentina/Salta", "name": "Salta", "country": "Argentina" },
  { "zoneId": "America/Argentina/Tucuman", "name": "Tucuman", "country": "Argentina" },
  { "zoneId": "America/Asuncion", "name": "Asuncion", "country": "Paraguay" },
  { "zoneId": "America/Atikokan", "name": "Atikokan", "country": "Canada" },
  { "zoneId": "America/Bahia", "name": "Bahia", "country": "Brazil" },
  { "zoneId": "America/Bahia_Banderas", "name": "Bahia Banderas", "country": "Mexico" },
  { "zoneId": "America/Barbados", "name": "Barbados", "country": "Barbados" },
  { "zoneId": "America/Belem", "name": "Belem", "country": "Brazil" },
  { "zoneId": "America/Belize", "name": "Belize", "country": "Belize" },
  { "zoneId": "America/Blanc-Sablon", "name": "Blanc-Sablon", "country": "Canada" },
  { "zoneId": "America/Boa_Vista", "name": "Boa Vista", "country": "Brazil" },
  { "zoneId": "America/Bogota", "name": "Bogota", "country": "Colombia" },
  { "zoneId": "America/Boise", "name": "Boise", "country": "United States" },
  { "zoneId": "America/Cambridge_Bay", "name": "Cambridge Bay", "country": "Canada" },
  { "zoneId": "America/Campo_Grande", "name": "Campo Grande", "country": "Brazil" },
  { "zoneId": "America/Cancun", "name": "Cancun", "country": "Mexico" },
  { "zoneId": "America/Caracas", "name": "Caracas", "country": "Venezuela" },
  { "zoneId": "America/Chicago", "name": "Chicago", "country": "United States" },
  { "zoneId": "America/Chihuahua", "name": "Chihuahua", "country": "Mexico" },
  { "zoneId": "America/Costa_Rica", "name": "Costa Rica", "country": "Costa Rica" },
  { "zoneId": "America/Denver", "name": "Denver", "country": "United States" },
  { "zoneId": "America/Detroit", "name": "Detroit", "country": "United States" },
  { "zoneId": "America/Edmonton", "name": "Edmonton", "country": "Canada" },
  { "zoneId": "America/El_Salvador", "name": "El Salvador", "country": "El Salvador" },
  { "zoneId": "America/Halifax", "name": "Halifax", "country": "Canada" },
  { "zoneId": "America/Havana", "name": "Havana", "country": "Cuba" },
  { "zoneId": "America/Guatemala", "name": "Guatemala", "country": "Guatemala" },
  { "zoneId": "America/Guayaquil", "name": "Guayaquil", "country": "Ecuador" },
  { "zoneId": "America/Guyana", "name": "Guyana", "country": "Guyana" },
  { "zoneId": "America/Indiana/Indianapolis", "name": "Indianapolis", "country": "United States" },
  { "zoneId": "America/Jamaica", "name": "Jamaica", "country": "Jamaica" },
  { "zoneId": "America/Juneau", "name": "Juneau", "country": "United States" },
  { "zoneId": "America/La_Paz", "name": "La Paz", "country": "Bolivia" },
  { "zoneId": "America/Lima", "name": "Lima", "country": "Peru" },
  { "zoneId": "America/Los_Angeles", "name": "Los Angeles", "country": "United States" },
  { "zoneId": "America/Managua", "name": "Managua", "country": "Nicaragua" },
  { "zoneId": "America/Mexico_City", "name": "Mexico City", "country": "Mexico" },
  { "zoneId": "America/New_York", "name": "New York", "country": "United States" },
  { "zoneId": "America/Phoenix", "name": "Phoenix", "country": "United States" },
  { "zoneId": "America/Santiago", "name": "Santiago", "country": "Chile" },
  { "zoneId": "America/Sao_Paulo", "name": "Sao Paulo", "country": "Brazil" },
  { "zoneId": "America/St_Johns", "name": "St. John's", "country": "Canada" },
  { "zoneId": "America/Toronto", "name": "Toronto", "country": "Canada" },
  { "zoneId": "America/Vancouver", "name": "Vancouver", "country": "Canada" },
  { "zoneId": "Asia/Bangkok", "name": "Bangkok", "country": "Thailand" },
  { "zoneId": "Asia/Beirut", "name": "Beirut", "country": "Lebanon" },
  { "zoneId": "Asia/Dubai", "name": "Dubai", "country": "United Arab Emirates" },
  { "zoneId": "Asia/Hong_Kong", "name": "Hong Kong", "country": "Hong Kong" },
  { "zoneId": "Asia/Jakarta", "name": "Jakarta", "country": "Indonesia" },
  { "zoneId": "Asia/Kolkata", "name": "Kolkata", "country": "India" },
  { "zoneId": "Asia/Kuala_Lumpur", "name": "Kuala Lumpur", "country": "Malaysia" },
  { "zoneId": "Asia/Manila", "name": "Manila", "country": "Philippines" },
  { "zoneId": "Asia/Seoul", "name": "Seoul", "country": "South Korea" },
  { "zoneId": "Asia/Shanghai", "name": "Shanghai", "country": "China" },
  { "zoneId": "Asia/Singapore", "name": "Singapore", "country": "Singapore" },
  { "zoneId": "Asia/Tokyo", "name": "Tokyo", "country": "Japan" },
  { "zoneId": "Australia/Adelaide", "name": "Adelaide", "country": "Australia" },
  { "zoneId": "Australia/Brisbane", "name": "Brisbane", "country": "Australia" },
  { "zoneId": "Australia/Darwin", "name": "Darwin", "country": "Australia" },
  { "zoneId": "Australia/Hobart", "name": "Hobart", "country": "Australia" },
  { "zoneId": "Australia/Melbourne", "name": "Melbourne", "country": "Australia" },
  { "zoneId": "Australia/Perth", "name": "Perth", "country": "Australia" },
  { "zoneId": "Australia/Sydney", "name": "Sydney", "country": "Australia" },
  { "zoneId": "Europe/Amsterdam", "name": "Amsterdam", "country": "Netherlands" },
  { "zoneId": "Europe/Athens", "name": "Athens", "country": "Greece" },
  { "zoneId": "Europe/Berlin", "name": "Berlin", "country": "Germany" },
  { "zoneId": "Europe/Brussels", "name": "Brussels", "country": "Belgium" },
  { "zoneId": "Europe/Bucharest", "name": "Bucharest", "country": "Romania" },
  { "zoneId": "Europe/Budapest", "name": "Budapest", "country": "Hungary" },
  { "zoneId": "Europe/Copenhagen", "name": "Copenhagen", "country": "Denmark" },
  { "zoneId": "Europe/Dublin", "name": "Dublin", "country": "Ireland" },
  { "zoneId": "Europe/Helsinki", "name": "Helsinki", "country": "Finland" },
  { "zoneId": "Europe/Istanbul", "name": "Istanbul", "country": "Turkey" },
  { "zoneId": "Europe/Kiev", "name": "Kiev", "country": "Ukraine" },
  { "zoneId": "Europe/Lisbon", "name": "Lisbon", "country": "Portugal" },
  { "zoneId": "Europe/London", "name": "London", "country": "United Kingdom" },
  { "zoneId": "Europe/Madrid", "name": "Madrid", "country": "Spain" },
  { "zoneId": "Europe/Moscow", "name": "Moscow", "country": "Russia" },
  { "zoneId": "Europe/Oslo", "name": "Oslo", "country": "Norway" },
  { "zoneId": "Europe/Paris", "name": "Paris", "country": "France" },
  { "zoneId": "Europe/Rome", "name": "Rome", "country": "Italy" },
  { "zoneId": "Europe/Stockholm", "name": "Stockholm", "country": "Sweden" },
  { "zoneId": "Europe/Vienna", "name": "Vienna", "country": "Austria" },
  { "zoneId": "Europe/Warsaw", "name": "Warsaw", "country": "Poland" },
  { "zoneId": "Europe/Zurich", "name": "Zurich", "country": "Switzerland" },
  { "zoneId": "Pacific/Auckland", "name": "Auckland", "country": "New Zealand" },
  { "zoneId": "Pacific/Fiji", "name": "Fiji", "country": "Fiji" },
  { "zoneId": "Pacific/Guam", "name": "Guam", "country": "Guam" },
  { "zoneId": "Pacific/Honolulu", "name": "Honolulu", "country": "United States" },
  { "zoneId": "Pacific/Tahiti", "name": "Tahiti", "country": "French Polynesia" }
]